{"type":"APL","version":"1.8","license":"Copyright 2021 Amazon.com, Inc. or its affiliates. All Rights Reserved.\nSPDX-License-Identifier: LicenseRef-.amazon.com.-AmznSL-1.0\nLicensed under the Amazon Software License  http://aws.amazon.com/asl/","theme":"dark","import":[{"name":"alexa-layouts","version":"1.5.0"}],"mainTemplate":{"parameters":["payload"],"items":[{"type":"AlexaImageList","backgroundImageSource":"https://bilder.t-online.de/b/77/97/94/84/id_77979484/tid_da/mit-der-richtigen-rasenart-und-pflege-wird-ihr-garten-zum-fussballplatz-.jpg","imageAspectRatio":"square","imageMetadataPrimacy":true,"imageScale":"best-fill","listItems":"${payload.imageListData.listItems}","headerTitle":"Fussball Quiz","hintText":"Wer gewann am häufigsten den Preis zum Weltfußballer des Jahres?","headerBackButton":true,"id":"plantList"}]}}