{"imageListData":{"type":"object","objectId":"imageListSample","backgroundImage":{"contentDescription":null,"smallSourceUrl":null,"largeSourceUrl":null,"sources":[{"url":"https://d2o906d8ln7ui1.cloudfront.net/images/templates_v3/gridlist/GridListBackground_Dark.png","size":"large"}]},"title":"Plant Stores Near Me","listItems":[{"primaryText":"Lionel Messi","imageSource":"https://upload.wikimedia.org/wikipedia/commons/c/c1/Lionel_Messi_20180626.jpg","primaryAction":[{"type":"SetValue","componentId":"plantList","property":"headerTitle","value":"${payload.imageListData.listItems[0].primaryText} is selected"}]},{"primaryText":"Cristiano Ronaldo","imageSource":"https://www.realmadrid.com/img/vertical_380px/cristiano_550x650_20180917025046.jpg","primaryAction":[{"type":"SetValue","componentId":"plantList","property":"headerTitle","value":"${payload.imageListData.listItems[1].primaryText} is selected"}]},{"primaryText":"Neymar","imageSource":"https://s.hs-data.com/bilder/spieler/gross/142105.jpg?fallback=png","primaryAction":[{"type":"SetValue","componentId":"plantList","property":"headerTitle","value":"${payload.imageListData.listItems[2].primaryText} is selected"}]},{"primaryText":"David Alaba","imageSource":"https://cdn.ligainsider.de/images/player/team/large/david-alaba-fc-bayern-muenchen.jpg","primaryAction":[{"type":"SetValue","componentId":"plantList","property":"headerTitle","value":"${payload.imageListData.listItems[3].primaryText} is selected"}]}],"logoUrl":"https://d2o906d8ln7ui1.cloudfront.net/images/templates_v3/logo/logo-modern-botanical-white.png","hintText":"Try, \"Alexa, select number 1\""}}