{
  "manifest": {
    "publishingInformation": {
      "locales": {
        "de-DE": {
          "summary": "Fussball Quiz",
          "examplePhrases": [
            "starte anpfiff spiel",
            "starte das fußball anpiff spiel",
            "anpfiff spiel"
          ],
          "keywords": [],
          "name": "anpfiff spiel",
          "description": "Teste dein Fußball Wissen!",
          "smallIconUri": "file://assets/images/de-DE_smallIconUri.png",
          "largeIconUri": "file://assets/images/de-DE_largeIconUri.png"
        }
      },
      "automaticDistribution": {
        "isActive": false
      },
      "isAvailableWorldwide": true,
      "testingInstructions": "starte anpfiff spiel",
      "category": "KNOWLEDGE_AND_TRIVIA",
      "distributionMode": "PUBLIC",
      "distributionCountries": []
    },
    "apis": {
      "custom": {
        "endpoint": {
          "uri": "arn:aws:lambda:us-east-1:477545170445:function:bd003877-a2f7-4b86-8a94-fea022518885:Release_0"
        },
        "interfaces": [],
        "regions": {
          "EU": {
            "endpoint": {
              "uri": "arn:aws:lambda:eu-west-1:477545170445:function:bd003877-a2f7-4b86-8a94-fea022518885:Release_0"
            }
          },
          "NA": {
            "endpoint": {
              "uri": "arn:aws:lambda:us-east-1:477545170445:function:bd003877-a2f7-4b86-8a94-fea022518885:Release_0"
            }
          },
          "FE": {
            "endpoint": {
              "uri": "arn:aws:lambda:us-west-2:477545170445:function:bd003877-a2f7-4b86-8a94-fea022518885:Release_0"
            }
          }
        }
      }
    },
    "manifestVersion": "1.0",
    "privacyAndCompliance": {
      "allowsPurchases": false,
      "locales": {
        "de-DE": {}
      },
      "containsAds": false,
      "isExportCompliant": true,
      "isChildDirected": false,
      "usesPersonalInfo": false
    }
  }
}